City,Lat,Lng,Max Temp,Humidity,Cloudiness,Wind Speed,Country,Date
Arraial do Cabo,-22.9661,-42.0278,89.6,74,20,9.22,BR,1616946456
Vestmannaeyjar,63.4427,-20.2734,35.6,64,20,11.5,IS,1616946735
Natal,-5.795,-35.2094,87.8,66,40,5.75,BR,1616946737
Namatanai,-3.6667,152.4333,79.03,79,100,8.16,PG,1616946739
Kavaratti,10.5669,72.642,84.2,73,100,7.96,IN,1616946740
Triunfo,-29.9433,-51.7181,78.8,83,75,10.36,BR,1616946742
Shatin,39.8357,45.3019,31.01,68,5,2.57,AM,1616946744
Ust-Tsilma,65.441,52.1498,33.49,94,100,7.16,RU,1616946748
Roebourne,-20.7833,117.1333,87.08,49,7,10.6,AU,1616946749
Oddur,4.1213,43.8894,90.03,24,100,8.37,SO,1616946751
Hobart,-42.8794,147.3294,55.4,50,75,12.66,AU,1616946753
Torbay,47.6666,-52.7314,28.99,80,90,14.97,CA,1616946755
Rikitea,-23.1203,-134.9692,78.17,76,13,16.73,PF,1616946681
Dikson,73.5069,80.5464,-23.39,100,30,6.78,RU,1616946758
Albany,42.6001,-73.9662,50.0,82,100,13.73,US,1616946496
Saint George,37.1041,-113.5841,48.2,43,1,5.75,US,1616946762
East London,-33.0153,27.9116,66.2,68,20,10.36,ZA,1616946764
Mount Gambier,-37.8333,140.7667,55.4,94,90,6.91,AU,1616946540
Emmett,43.8735,-116.4993,50.0,75,1,7.45,US,1616946767
Punta Arenas,-53.15,-70.9167,50.0,50,0,28.77,CL,1616946501
Malinovskiy,61.1953,62.8397,28.87,91,92,11.79,RU,1616946770
Birin,26.8865,88.0718,71.6,64,20,1.14,NP,1616946772
Kīhei,20.785,-156.4656,71.6,83,20,13.8,US,1616946774
Busselton,-33.65,115.3333,60.01,90,0,8.43,AU,1616946734
Kungurtug,50.5994,97.5228,22.15,83,100,2.66,RU,1616946778
Saint Paul Harbor,57.79,-152.4072,35.6,30,1,13.8,US,1616946779
Rocha,-34.4833,-54.3333,69.17,84,80,8.97,UY,1616946626
Castro,-24.7911,-50.0119,78.55,58,17,7.7,BR,1616946784
Vaini,-21.2,-175.2,77.0,100,75,8.05,TO,1616946786
Kailua,21.4022,-157.7394,71.6,73,90,13.8,US,1616946705
Minchianabad,30.163,73.5685,85.37,12,0,7.09,PK,1616946790
Arlit,18.7369,7.3853,89.17,6,0,6.89,NE,1616946791
Yellowknife,62.456,-114.3525,14.0,62,75,12.66,CA,1616946540
San Borja,-14.8167,-66.85,71.29,91,100,6.44,BO,1616946795
Mataura,-46.1927,168.8643,53.01,97,100,2.68,NZ,1616946797
Lata,40.1629,-8.3327,75.99,35,44,7.74,PT,1616946799
Beloha,-25.1667,45.05,73.24,79,48,7.0,MG,1616946800
Ushuaia,-54.8,-68.3,46.4,57,40,26.46,AR,1616946689
Saint-Philippe,-21.3585,55.7679,80.6,78,40,6.91,RE,1616946804
Tasiilaq,65.6145,-37.6368,19.4,53,20,6.91,GL,1616946806
Hithadhoo,-0.6,73.0833,82.38,76,100,18.23,MV,1616946807
Puerto Ayora,-0.7393,-90.3518,81.0,78,40,9.22,EC,1616946809
Oriximiná,-1.7656,-55.8661,85.84,64,84,4.0,BR,1616946811
Hilo,19.7297,-155.09,66.2,77,90,6.91,US,1616946778
Katherine,-14.4667,132.2667,75.2,83,100,6.91,AU,1616946814
Lebu,-37.6167,-73.65,63.3,65,5,15.82,CL,1616946816
Amparafaravola,-17.5833,48.2167,71.22,84,26,6.33,MG,1616946818
Udachny,66.4167,112.4,8.01,98,99,3.62,RU,1616946820
Ergani,38.2653,39.7621,53.6,30,0,9.22,TR,1616946822
Rivne,50.6231,26.2274,39.2,87,40,11.18,UA,1616946824
Caravelas,-17.7125,-39.2481,88.02,50,0,11.92,BR,1616946825
Fairbanks,64.8378,-147.7164,5.0,72,90,5.75,US,1616946642
Ixtapa,20.7,-105.2,66.2,68,40,4.61,MX,1616946829
Esperance,-33.8667,121.9,68.0,83,0,8.05,AU,1616946831
Puerto Colombia,10.9878,-74.9547,86.0,62,0,9.22,CO,1616946832
Port Hardy,50.6996,-127.4199,39.2,93,90,5.75,CA,1616946834
Kashgar,39.4547,75.9797,59.0,29,75,11.18,CN,1616946836
Avarua,-21.2078,-159.775,80.6,78,75,11.5,CK,1616946838
Port Moresby,-9.4431,147.1797,78.04,84,100,3.04,PG,1616946840
Lavrentiya,65.5833,-171.0,1.92,96,100,13.35,RU,1616946841
Bredasdorp,-34.5322,20.0403,68.0,64,100,20.71,ZA,1616946843
Yulara,-25.2406,130.9889,77.0,50,5,8.05,AU,1616946721
Makakilo City,21.3469,-158.0858,71.6,68,1,10.36,US,1616946847
Nikolskoye,59.7035,30.7861,46.0,70,0,8.95,RU,1616946850
Bronnitsy,55.4194,38.2708,42.8,52,0,2.24,RU,1616946852
Havre-St-Pierre,50.2334,-63.5986,28.4,69,1,9.22,CA,1616946854
Iqaluit,63.7506,-68.5145,10.4,72,90,19.57,CA,1616946856
San Vicente,-26.6167,-54.1333,67.57,97,100,1.05,AR,1616946858
Terra Santa,-2.1042,-56.4869,85.95,65,99,4.81,BR,1616946859
Geraldton,-28.7667,114.6,69.8,78,40,5.75,AU,1616946861
Masvingo,-20.0637,30.8277,65.75,75,8,8.55,ZW,1616946863
Mitsamiouli,-11.3847,43.2844,83.97,68,37,4.76,KM,1616946865
Sawtell,-30.3833,153.1,64.4,94,75,4.61,AU,1616946867
Quelimane,-17.8786,36.8883,80.6,83,75,5.75,MZ,1616946868
Portland,45.5234,-122.6762,46.99,76,75,9.22,US,1616946305
Cabo San Lucas,22.8909,-109.9124,73.0,55,75,2.93,MX,1616946666
Barcelos,41.5388,-8.6151,73.99,46,0,6.91,PT,1616946874
Haiger,50.75,8.2167,54.0,50,20,11.5,DE,1616946875
Atuona,-9.8,-139.0333,81.1,70,100,18.21,PF,1616946877
Barrow,71.2906,-156.7887,-29.2,75,40,9.22,US,1616946834
Tres Arroyos,-38.3739,-60.2798,65.46,68,99,6.53,AR,1616946882
Leningradskiy,69.3833,178.4167,-18.27,94,20,3.67,RU,1616946884
Matagami,49.7502,-77.6328,32.0,100,90,4.61,CA,1616946886
Manado,1.487,124.8455,77.0,94,20,2.3,ID,1616946843
Tucupita,9.0622,-62.051,84.52,65,56,7.14,VE,1616946889
Saskylakh,71.9167,114.0833,-4.11,99,97,2.04,RU,1616946891
Padang,-0.9492,100.3543,75.2,94,40,5.75,ID,1616946728
New Norfolk,-42.7826,147.0587,55.0,65,60,3.0,AU,1616946894
Port Alfred,-33.5906,26.891,66.43,67,98,17.56,ZA,1616946896
Nome,64.5011,-165.4064,8.6,78,90,23.02,US,1616946621
Marawi,7.9986,124.2928,79.0,87,97,3.0,PH,1616946900
Bacolod City,10.6667,122.95,79.52,80,95,7.76,PH,1616946901
Camacha,33.0833,-16.3333,66.2,72,40,8.05,PT,1616946903
Fortuna,40.5982,-124.1573,39.2,100,90,4.61,US,1616946631
Angoche,-16.2325,39.9086,79.48,82,100,6.42,MZ,1616946907
Jamestown,42.097,-79.2353,53.6,100,90,4.09,US,1616946909
Ţahţā,26.7693,31.5021,75.2,19,0,20.71,EG,1616946910
Tuktoyaktuk,69.4541,-133.0374,-25.6,75,40,10.36,CA,1616946912
Khatanga,71.9667,102.5,-1.48,98,99,6.91,RU,1616946914
Port Macquarie,-31.4333,152.9167,64.99,99,89,4.56,AU,1616946916
Tiksi,71.6872,128.8694,2.28,99,100,1.01,RU,1616946919
Laguna,38.421,-121.4238,57.99,67,1,1.5,US,1616946921
Upernavik,72.7868,-56.1549,-17.12,79,91,5.01,GL,1616946923
Codrington,-38.2667,141.9667,55.9,93,19,5.84,AU,1616946925
Karratha,-20.7377,116.8463,86.79,52,6,9.15,AU,1616946927
Mingrelskaya,45.0134,38.3379,48.0,70,88,8.41,RU,1616946928
Province of Mantua,45.1667,10.7833,66.2,45,40,3.44,IT,1616946930
Chihuahua,28.5,-106.0,59.0,29,1,11.83,MX,1616946723
Cape Town,-33.9258,18.4232,75.99,46,0,11.5,ZA,1616946935
Bluff,-46.6,168.3333,53.01,97,100,4.5,NZ,1616946937
Harper,4.375,-7.7169,83.84,69,31,8.12,LR,1616946939
Methóni,36.8197,21.7049,64.4,48,20,10.36,GR,1616946941
Blagoyevo,63.3667,47.9167,32.83,83,100,10.13,RU,1616946943
Vostok,46.4856,135.8833,32.16,92,100,6.38,RU,1616946944
Mezen',65.8522,44.24,34.9,95,100,9.62,RU,1616946946
Waipawa,-41.4122,175.5153,62.6,94,90,17.27,NZ,1616946948
Boguchany,58.3814,97.4531,26.37,98,100,2.37,RU,1616946950
Avera,33.194,-82.5271,79.0,65,1,16.11,US,1616946952
Nanortalik,60.1432,-45.2371,27.46,67,22,6.62,GL,1616946953
Salalah,17.0151,54.0924,84.2,58,0,3.44,OM,1616946955
Bethel,41.3712,-73.414,50.0,96,100,1.99,US,1616946723
Port Elizabeth,-33.918,25.5701,66.2,68,0,16.11,ZA,1616946941
Raudeberg,61.9875,5.1352,44.01,91,100,21.85,NO,1616946960
Umeå,63.8284,20.2597,37.4,87,90,12.66,SE,1616946962
Hermanus,-34.4187,19.2345,71.01,65,100,5.01,ZA,1616946949
Boa Vista,2.8197,-60.6733,89.6,45,90,18.41,BR,1616946966
Matadi,-5.8167,13.45,78.26,92,96,2.8,CD,1616946967
Rock Sound,24.9,-76.2,77.32,71,62,15.79,BS,1616946969
Klaksvík,62.2266,-6.589,41.0,81,40,20.71,FO,1616946971
Ponta do Sol,32.6667,-17.1,68.0,64,20,11.5,PT,1616946973
La Ronge,55.1001,-105.2842,24.8,86,100,12.66,CA,1616946975
Al Bardīyah,31.7561,25.0865,59.05,56,2,14.0,LY,1616946977
Chapais,49.7834,-74.8492,30.2,93,90,16.11,CA,1616946978
Anadyr,64.75,177.4833,14.0,85,75,17.9,RU,1616946980
Ogulin,45.2661,15.2286,57.99,67,75,3.44,HR,1616946982
Vlădeşti,45.1167,24.3,51.67,50,87,8.72,RO,1616946984
Jiangkou,25.4872,119.1986,62.6,72,0,4.47,CN,1616946700
Kaitangata,-46.2817,169.8464,53.51,97,100,2.06,NZ,1616946989
Airai,-8.9266,125.4092,60.03,94,100,2.17,TL,1616946991
Adeje,28.1227,-16.726,73.4,53,20,18.41,ES,1616946994
Kavieng,-2.5744,150.7967,82.85,75,79,14.5,PG,1616946996
Butaritari,3.0707,172.7902,80.46,80,23,11.79,KI,1616946998
Villa del Rosario,7.8339,-72.4742,78.8,83,75,2.3,CO,1616947001
Zhicheng,30.2956,111.5047,63.0,85,0,2.86,CN,1616946782
Nāgar Karnūl,16.4821,78.3247,87.94,18,16,3.0,IN,1616947005
Richards Bay,-28.783,32.0377,70.38,70,96,10.63,ZA,1616947006
Chingola,-12.529,27.8838,65.19,92,89,5.48,ZM,1616947008
Faanui,-16.4833,-151.75,82.02,75,61,22.1,PF,1616947010
Coro,11.4045,-69.6734,83.71,62,99,19.08,VE,1616947012
Half Moon Bay,37.4636,-122.4286,59.0,76,1,2.84,US,1616947014
Bengkulu,-3.8004,102.2655,78.91,86,97,3.65,ID,1616947015
Henties Bay,-22.116,14.2845,64.99,83,7,4.0,NA,1616947017
Silifke,36.3778,33.9344,55.67,55,2,7.4,TR,1616947019
São Filipe,14.8961,-24.4956,69.91,74,3,15.12,CV,1616947021
Emerald,-23.5333,148.1667,73.4,68,75,5.75,AU,1616947024
Beringovskiy,63.05,179.3167,10.94,95,100,16.15,RU,1616947026
White Rock,49.0164,-122.8026,45.0,87,100,8.05,CA,1616946974
Menongue,-14.6585,17.691,70.65,83,78,2.19,AO,1616947031
Kapaa,22.0752,-159.319,73.0,78,75,18.41,US,1616947024
Lüderitz,-26.6481,15.1594,67.57,68,5,8.43,NA,1616947036
Phang Nga,8.4509,98.5298,84.0,94,20,2.3,TH,1616947038
Carnarvon,-24.8667,113.6333,78.8,83,0,4.61,AU,1616947040
Zharkent,44.1628,80.0,50.92,68,100,2.95,KZ,1616947042
Tautira,-17.7333,-149.15,77.0,78,20,3.44,PF,1616947044
Grand Gaube,-20.0064,57.6608,81.0,74,12,1.01,MU,1616947047
Narsaq,60.9167,-46.05,22.86,53,0,2.21,GL,1616947049
Dunedin,-45.8742,170.5036,54.0,95,91,4.0,NZ,1616947051
San Juan,-31.5375,-68.5364,74.07,24,0,5.01,AR,1616947053
Rockhampton,-23.3833,150.5,71.6,88,40,2.3,AU,1616947055
Norman Wells,65.282,-126.8329,-4.0,71,75,18.41,CA,1616946954
Sūsangerd,31.5608,48.1831,69.8,23,40,11.5,IR,1616947058
Kyzyl-Suu,42.3414,78.0056,41.2,78,100,8.63,KG,1616947060
Quatre Cocos,-20.2078,57.7625,81.0,83,40,0.72,MU,1616947062
Pisco,-13.7,-76.2167,73.4,73,0,6.91,PE,1616947064
Hambantota,6.1241,81.1185,73.4,100,75,2.3,LK,1616947065
Burnie,-41.0667,145.9167,52.16,67,17,13.02,AU,1616947069
Galesong,-5.3166,119.3661,75.2,100,20,3.44,ID,1616947071
Belmonte,-15.8631,-38.8828,86.0,48,20,18.41,BR,1616947072
Svetlaya,46.5389,138.3297,33.71,95,100,12.88,RU,1616947074
Diamantino,-14.4086,-56.4461,86.47,58,29,2.46,BR,1616947035
Chui,-33.6971,-53.4616,70.65,81,72,8.5,UY,1616947078
Córdoba,-31.4135,-64.1811,72.0,48,0,6.91,AR,1616946867
Villa Bruzual,9.3328,-69.1208,89.85,42,92,3.78,VE,1616947081
Kuju,23.7167,85.5,78.8,38,1,1.79,IN,1616947083
St. George's,12.0564,-61.7485,86.0,62,40,14.65,GD,1616947085
Aklavik,68.2191,-135.0107,-11.2,70,75,8.05,CA,1616947087
Shirokiy,49.758,129.523,37.76,96,100,13.22,RU,1616947088
Conde,-7.2597,-34.9075,84.2,79,75,3.44,BR,1616947090
Bambous Virieux,-20.3428,57.7575,81.0,83,40,0.29,MU,1616947092
Kumul,42.8,93.45,60.28,27,47,7.16,CN,1616947094
Coahuayana Viejo,18.7333,-103.6833,77.0,44,20,3.78,MX,1616947096
Porto-Novo,6.4965,2.6036,87.8,74,20,12.66,BJ,1616947097
Dingle,10.9995,122.6711,76.86,86,80,5.95,PH,1616947099
Pemba,-12.974,40.5178,84.2,79,75,11.5,MZ,1616947101
Jucurutu,-6.0339,-37.0203,90.03,47,72,2.04,BR,1616947103
Bathsheba,13.2167,-59.5167,82.4,57,75,24.16,BB,1616947105
Olafsvik,64.8945,-23.7142,30.58,83,100,17.85,IS,1616947106
Entebbe,0.0644,32.4469,78.8,65,20,5.75,UG,1616947084
Fort Morgan,40.2503,-103.8,39.2,56,1,8.05,US,1616947090
Stege,54.987,12.2846,46.0,100,100,24.63,DK,1616947112
Chokurdakh,70.6333,147.9167,-17.18,100,92,3.62,RU,1616947113
Rawson,-43.3002,-65.1023,70.65,41,78,10.94,AR,1616947115
Waynesboro,38.0685,-78.8895,62.01,100,90,5.75,US,1616947119
Pombia,45.653,8.6336,66.99,42,40,6.91,IT,1616947120
San Quintín,30.4833,-115.95,69.04,23,0,4.52,MX,1616947122
Whitehorse,60.7161,-135.0538,14.0,48,40,16.11,CA,1616947033
Ancud,-41.8697,-73.8203,62.6,72,0,14.97,CL,1616947126
Port Lincoln,-34.7333,135.8667,60.64,79,5,7.85,AU,1616947127
Roald,62.5833,6.1333,44.6,76,75,23.02,NO,1616947129
Novoagansk,61.9449,76.6625,6.26,97,99,6.04,RU,1616947131
Nishihara,26.1842,127.7558,71.6,94,75,3.42,JP,1616947133
Caucayá,-0.1934,-74.7819,83.19,70,90,5.7,CO,1616947135
Thompson,55.7435,-97.8558,8.6,72,75,2.3,CA,1616947136
Sitka,57.0531,-135.33,35.6,75,40,11.5,US,1616947140
Makkah al Mukarramah,21.4267,39.8261,80.44,46,0,11.12,SA,1616947014
Topolovăţu Mare,45.7739,21.6189,55.99,33,0,9.22,RO,1616947143
Hokitika,-42.7167,170.9667,59.43,94,64,4.54,NZ,1616947145
Kaohsiung City,22.6163,120.3133,77.0,78,20,6.91,TW,1616947027
Ostrovnoy,68.0531,39.5131,35.28,98,100,17.05,RU,1616946948
Westerly,41.3776,-71.8273,48.0,93,90,14.97,US,1616946884
Ilulissat,69.2167,-51.1,-7.6,45,7,4.43,GL,1616947152
Tahoua,14.8888,5.2692,91.4,8,0,18.41,NE,1616947154
Loa Janan,-0.583,117.095,74.26,97,92,0.34,ID,1616947156
Kieta,-6.2167,155.6333,78.24,85,41,3.11,PG,1616947157
Lima,-12.0432,-77.0282,75.99,68,0,5.75,PE,1616947148
Yerbogachën,61.2767,108.0108,10.49,99,86,2.64,RU,1616947161
Dabakala,8.3667,-4.4333,93.47,40,84,7.52,CI,1616947164
Los Llanos de Aridane,28.6585,-17.9182,68.0,64,20,5.75,ES,1616947166
Cacoal,-11.4386,-61.4472,84.11,76,54,2.77,BR,1616947044
Zhanakorgan,43.9098,67.2495,47.84,56,100,14.74,KZ,1616947171
Rio Grande,-32.035,-52.0986,75.2,83,90,10.36,BR,1616947069
Trincomalee,8.5711,81.2335,80.17,80,89,9.42,LK,1616947175
Maragogi,-9.0122,-35.2225,82.02,71,66,7.56,BR,1616947176
Malbork,54.0359,19.0266,48.0,53,97,11.54,PL,1616947178
Ribeira Grande,38.5167,-28.7,62.6,72,40,13.8,PT,1616947180
Mikun',62.3547,50.0771,31.01,92,76,7.27,RU,1616947182
Japura,-0.3167,102.35,75.02,97,78,3.04,ID,1616947184
Upata,8.0086,-62.3989,87.51,43,95,8.7,VE,1616947186
Níjar,36.9665,-2.206,68.0,55,20,23.02,ES,1616947132
Mahébourg,-20.4081,57.7,80.6,83,40,0.94,MU,1616947189
Si Sa Ket,14.8333,104.3333,84.99,99,75,1.34,TH,1616947191
Hasaki,35.7333,140.8333,62.6,94,75,16.11,JP,1616947193
Petropavlovsk-Kamchatskiy,53.0452,158.6483,21.2,49,9,8.95,RU,1616947194
Mar del Plata,-38.0023,-57.5575,68.0,77,90,13.8,AR,1616947196
Bandarbeyla,9.4942,50.8122,79.95,71,86,7.45,SO,1616947198
Daru,-9.0763,143.2092,81.23,86,94,15.32,PG,1616947200
Puerto Maldonado,-12.6,-69.1833,78.8,89,75,4.61,PE,1616947205
Pandan Niog,6.2282,120.5631,82.98,77,93,11.77,PH,1616947208
City of San Pedro,14.35,121.0167,84.2,70,20,3.44,PH,1616947210
Sorong,-0.8833,131.25,77.61,90,100,7.16,ID,1616947212
Esim,4.8699,-2.2405,83.25,72,32,9.4,GH,1616947214
Mishan,45.55,131.8833,39.38,96,100,9.22,CN,1616947216
Marbella,36.5154,-4.8858,64.4,68,20,14.97,ES,1616947218
Constitución,-35.3333,-72.4167,69.35,40,0,4.47,CL,1616947220
Longyearbyen,78.2186,15.6401,32.0,80,40,11.5,SJ,1616947222
Kiryat Gat,31.61,34.7642,59.0,55,18,10.98,IL,1616946955
Itoman,26.1247,127.6694,71.6,94,75,2.3,JP,1616947225
Prabumulih,-3.45,104.25,74.8,98,77,3.33,ID,1616947227
Talnakh,69.4865,88.3972,-10.01,96,50,2.68,RU,1616947229
Arusha,-3.3667,36.6833,77.0,61,20,2.19,TZ,1616947231
Florianópolis,-27.6146,-48.5012,84.2,65,75,12.66,BR,1616947233
Mahibadhoo,3.7833,72.9667,81.28,75,100,10.11,MV,1616947235
Cherskiy,68.75,161.3,-9.06,91,100,1.68,RU,1616947238
Consacá,1.2154,-77.4696,65.44,83,94,3.53,CO,1616947240
Estelle,29.8458,-90.1067,79.0,88,75,5.75,US,1616947242
Waycross,31.2136,-82.354,82.0,61,40,17.27,US,1616947244
Saint Andrews,34.0454,-81.1293,82.0,53,75,17.27,US,1616947246
Kilindoni,-7.9139,39.6668,83.46,68,97,4.88,TZ,1616947248
Kampene,-3.6,26.6667,74.95,81,67,2.62,CD,1616947250
Hamilton,39.1834,-84.5333,51.01,66,75,25.32,US,1616947251
Saldanha,-33.0117,17.9442,77.0,36,100,14.97,ZA,1616947253
Srīvardhan,18.0333,73.0167,80.55,73,33,1.99,IN,1616947257
Broome,42.2506,-75.833,53.01,93,90,16.11,US,1616947259
Takoradze,4.8845,-1.7554,83.91,70,7,11.81,GH,1616947261
Inírida,3.8653,-67.9239,78.69,79,92,5.21,CO,1616947263
Dunhua,43.3725,128.2425,38.68,89,100,6.38,CN,1616947265
Lithakia,37.7167,20.8333,62.6,72,20,5.75,GR,1616947268
Rome,43.2128,-75.4557,48.2,87,90,16.11,US,1616947270
Abhā,18.2164,42.5053,71.6,52,20,13.8,SA,1616947272
Preobrazheniye,42.9019,133.9064,39.56,95,100,8.23,RU,1616947274
College,64.8569,-147.8028,5.0,66,75,3.44,US,1616947277
Bud,39.447,-86.1758,43.0,81,99,19.48,US,1616947279
Charter Township of Clinton,42.587,-82.9199,50.0,100,75,20.71,US,1616947107
Byron Bay,-28.65,153.6167,66.2,94,65,1.14,AU,1616947282
Yatou,37.15,122.3833,46.58,45,26,8.14,CN,1616947286
Balabac,7.9868,117.0645,81.34,78,98,5.08,PH,1616947288
Tuatapere,-46.1333,167.6833,53.01,97,100,3.13,NZ,1616947290
Kahului,20.8947,-156.47,71.6,83,20,13.8,US,1616947291
Nurota,40.5614,65.6886,48.2,87,90,16.11,UZ,1616947295
Calama,-22.4667,-68.9333,71.6,14,0,6.91,CL,1616947297
Kaya,13.0917,-1.0844,98.28,8,1,11.05,BF,1616947299
Nemuro,43.3236,145.575,39.94,97,100,30.33,JP,1616947304
Naze,28.3667,129.4833,64.85,89,49,5.37,JP,1616947267
Pangnirtung,66.1451,-65.7125,10.54,55,99,2.66,CA,1616947307
Tamandaré,-8.7597,-35.1047,82.18,71,60,7.05,BR,1616947311
Taltal,-25.4,-70.4833,68.63,67,0,5.79,CL,1616947314
Mossamedes,-15.1961,12.1522,76.28,69,75,12.37,AO,1616947224
Bilibino,68.0546,166.4372,-25.1,96,30,3.96,RU,1616947318
George Town,5.4112,100.3354,80.6,89,40,8.05,MY,1616947226
Eureka,40.8021,-124.1637,42.8,100,90,2.17,US,1616947038
Port Blair,11.6667,92.75,82.49,76,100,3.29,IN,1616947323
Cascais,38.6979,-9.4215,73.99,43,0,4.61,PT,1616947324
Ukiah,39.1502,-123.2078,57.99,75,1,1.52,US,1616947202
São João da Barra,-21.6403,-41.0511,89.6,55,40,2.3,BR,1616947052
Kirovsk,48.6375,38.6428,37.6,77,89,5.53,UA,1616947329
Taoudenni,22.6783,-3.9836,95.25,3,34,14.52,ML,1616947331
Aberdeen,57.1437,-2.0981,50.0,71,90,18.41,GB,1616947333
Chicama,-7.8447,-79.1469,71.6,83,96,10.36,PE,1616947335
Muroto-misakicho,33.2833,134.15,63.64,88,42,5.41,JP,1616947103
Trairi,-3.2778,-39.2689,84.24,67,32,6.04,BR,1616947338
Goderich,43.7501,-81.7165,42.8,93,100,17.27,CA,1616947340
Saint Anthony,45.0205,-93.218,37.99,48,75,9.22,US,1616947342
Loandjili,-4.7561,11.8578,80.6,94,75,8.05,CG,1616947344
Saint-Augustin,51.226,-58.6502,21.38,57,52,5.86,CA,1616947346
Iracoubo,5.4802,-53.2011,80.56,82,96,15.23,GF,1616947347
Sarangani,5.4033,125.4636,80.02,79,100,5.26,PH,1616947349
Vila Franca do Campo,37.7167,-25.4333,60.8,77,20,8.05,PT,1616947351
Lagoa,39.05,-27.9833,59.16,82,100,20.38,PT,1616947353
Saint-Pierre,-21.3393,55.4781,78.8,78,40,6.91,RE,1616947354
Kinshasa,-4.3246,15.3215,84.2,69,20,2.3,CD,1616947159
Verkhoyansk,67.5447,133.385,-10.03,100,85,2.26,RU,1616947270
Imbituba,-28.24,-48.6703,84.2,65,75,12.66,BR,1616947361
Gornyy,55.1153,83.9059,26.55,95,100,2.98,RU,1616947365
Korla,41.7597,86.1469,60.26,36,100,3.85,CN,1616947366
Ascension,30.2169,-90.9001,71.6,88,90,4.61,US,1616947368
Maniitsoq,65.4167,-52.9,3.97,46,14,1.66,GL,1616947370
Senno,59.5336,33.9167,42.01,55,75,8.46,RU,1616947372
Bexhill,-28.7667,153.35,66.2,88,75,3.44,AU,1616947374
Novo Oriente,-5.5344,-40.7742,81.01,73,91,4.63,BR,1616947376
Lorengau,-2.0226,147.2712,81.3,80,93,9.04,PG,1616947377
Bubaque,11.2833,-15.8333,77.54,61,12,9.17,GW,1616947379
Husavik,66.0449,-17.3389,28.4,93,90,11.5,IS,1616947381
Nyurba,63.2842,118.3319,7.09,99,83,4.05,RU,1616947383
Hong Kong,22.2855,114.1577,77.0,86,3,7.07,HK,1616947277
Booué,-0.0921,11.9385,82.85,72,97,2.08,GA,1616947386
Cidreira,-30.1811,-50.2056,74.39,81,96,9.42,BR,1616947388
Nador,35.174,-2.9287,62.6,82,75,11.5,MA,1616947390
Chernyshevskiy,63.0128,112.4714,14.47,97,100,3.58,RU,1616947392
Coyhaique,-45.5752,-72.0662,60.8,67,75,2.3,CL,1616947235
Pudozh,61.8099,36.5345,33.55,94,97,7.74,RU,1616947395
Kaoma,-14.7833,24.8,71.44,74,46,5.93,ZM,1616947397
Vredendal,-31.6683,18.5012,77.36,35,100,13.67,ZA,1616947400
Guthrie,35.8789,-97.4253,57.0,40,1,4.9,US,1616947402
Mt. Pleasant,32.7941,-79.8626,75.99,73,1,17.27,US,1616947404
Hofn,64.2539,-15.2082,33.8,86,20,13.8,IS,1616947406
Alice Springs,-23.7,133.8833,69.8,68,55,4.61,AU,1616947408
Cuamba,-14.8031,36.5372,70.29,96,88,4.65,MZ,1616947278
Oranjemund,-28.55,16.4333,65.32,74,4,13.15,NA,1616947411
Alofi,-19.0595,-169.9187,77.0,94,11,5.75,NU,1616947413
St. Pete Beach,27.7253,-82.7412,82.0,69,1,14.97,US,1616947415
Platteville,42.7342,-90.4785,41.0,48,40,23.02,US,1616947207
George Town,5.4112,100.3354,80.6,89,40,8.05,MY,1616947220
Visby,57.6409,18.296,44.01,75,0,21.85,SE,1616947420
Flinders,-34.5833,150.8552,60.01,84,71,3.56,AU,1616947421
Araouane,18.9048,-3.5265,94.1,3,0,11.39,ML,1616947423
Wanning,18.8003,110.3967,74.41,95,46,7.34,CN,1616947428
Rafai,4.95,23.9167,87.35,37,66,2.33,CF,1616947430
Nouadhibou,20.931,-17.0347,64.04,82,81,26.33,MR,1616947432
Ambulu,-8.345,113.6058,76.96,88,100,2.62,ID,1616947434
Provideniya,64.3833,-173.3,2.95,95,100,23.78,RU,1616947437
Ballybofey,54.8,-7.7833,57.2,88,75,33.38,IE,1616947439
Sørland,67.667,12.6934,41.0,65,0,17.27,NO,1616947441
Brae,60.3964,-1.353,46.4,71,20,19.57,GB,1616947443
Katsuura,35.1333,140.3,62.01,94,100,1.01,JP,1616947445
Margate,51.3813,1.3862,54.0,70,100,4.0,GB,1616947446
Qaqortoq,60.7167,-46.0333,24.8,54,0,4.61,GL,1616947448
Road Town,18.4167,-64.6167,84.2,61,40,16.11,VG,1616947450
Santa Maria,-29.6842,-53.8069,77.0,73,75,10.36,BR,1616947452
Puerto Escondido,15.85,-97.0667,86.0,79,1,3.44,MX,1616947454
Copiapó,-27.3667,-70.3333,60.8,67,75,4.61,CL,1616947369
Shimoda,34.6667,138.95,64.4,94,90,20.71,JP,1616947457
Prome,18.8167,95.2167,84.15,40,58,5.88,MM,1616947461
Strathmiglo,56.2776,-3.2647,52.0,88,100,3.0,GB,1616947463
Dūngarpur,23.8333,73.7167,90.86,11,4,14.85,IN,1616947464
Balyqshy,47.0667,51.8667,41.0,75,75,11.18,KZ,1616947466
Witbank,-25.8713,29.2332,63.41,54,60,4.18,ZA,1616947468
Price,39.5994,-110.8107,44.6,49,1,4.61,US,1616947470
Vao,-22.6667,167.4833,77.23,82,29,11.88,NC,1616947472
Pamanukan,-6.2842,107.8106,77.88,89,35,4.0,ID,1616947473
Brasília,-15.7797,-47.9297,86.0,30,0,8.05,BR,1616947356
Port-Gentil,-0.7193,8.7815,82.4,78,40,11.5,GA,1616947336
Antsohihy,-14.8796,47.9875,76.1,93,98,2.77,MG,1616947478
Eyl,7.9803,49.8164,79.79,73,45,12.21,SO,1616947480
Maţāy,28.419,30.7792,68.07,28,0,17.72,EG,1616947485
Wajima,37.4,136.9,54.54,92,95,11.63,JP,1616947321
Praia da Vitória,38.7333,-27.0667,64.4,72,40,14.99,PT,1616947358
Keokuk,40.3973,-91.3849,44.6,57,40,20.71,US,1616947490
Nortelândia,-14.4547,-56.8028,89.4,54,49,2.15,BR,1616947492
Zhangye,38.9342,100.4517,46.24,49,15,4.7,CN,1616947494
Koumac,-20.5667,164.2833,77.97,83,27,1.99,NC,1616947496
Touros,-5.1989,-35.4608,87.8,66,40,12.66,BR,1616947498
Maralal,1.0968,36.698,69.46,47,97,12.1,KE,1616947499
Adrar,20.5022,-10.0711,98.15,4,47,10.67,MR,1616947296
Santa Rosa,14.3122,121.1114,84.2,74,20,2.3,PH,1616947504
Jardim,-21.4803,-56.1381,89.58,43,80,5.46,BR,1616947506
Botwood,49.1499,-55.3482,27.0,92,100,3.49,CA,1616947508
Balsas,-7.5325,-46.0356,88.39,53,96,3.85,BR,1616947510
Oktyabr'skoye,43.0645,44.7417,46.4,53,75,2.24,RU,1616947512
Benguela,-12.5763,13.4055,81.61,71,21,8.52,AO,1616947503
Harar,9.3094,42.1258,67.62,14,16,11.95,ET,1616947253
Antofagasta,-23.65,-70.4,73.0,63,0,10.36,CL,1616947517
Nāndūra Buzurg,20.8333,76.45,92.93,10,5,3.78,IN,1616947518
Będzin,50.3261,19.1257,50.0,40,0,16.11,PL,1616947486
Agadez,19.75,10.25,79.99,9,0,9.75,NE,1616947522
Egvekinot,66.3167,-179.1667,5.14,88,100,11.9,RU,1616947524
Bukama,-9.2,25.85,75.51,90,42,3.4,CD,1616947525
Isangel,-19.55,169.2667,76.71,87,5,5.93,VU,1616947527
Magomeni,-6.8,39.25,86.0,74,20,14.97,TZ,1616947529
Luanda,-8.8368,13.2343,87.8,58,20,12.66,AO,1616947385
Bida,9.0833,6.0167,105.91,8,25,1.7,NG,1616947532
Khvoynaya,58.9,34.5333,36.3,89,100,6.78,RU,1616947534
Tvrdošín,49.337,19.556,46.0,36,20,16.11,SK,1616947536
Pevek,69.7008,170.3133,-19.23,97,28,1.43,RU,1616947266
Marquette,46.5333,-87.6335,30.0,93,100,17.81,US,1616947539
Khadyzhensk,44.4256,39.5319,41.9,75,12,6.04,RU,1616947541
Grindavik,63.8424,-22.4338,35.6,75,20,1.14,IS,1616947543
Kongolo,-5.3833,27.0,80.22,69,32,0.4,CD,1616947545
Qaanaaq,77.484,-69.3632,-14.62,78,33,3.51,GL,1616947547
Cañon City,38.441,-105.2424,54.0,26,1,16.11,US,1616947549
Beidao,34.5686,105.8933,50.0,40,100,1.99,CN,1616947287
Vila do Maio,15.1333,-23.2167,73.4,60,20,27.63,CV,1616947552
Keetmanshoop,-26.5833,18.1333,84.2,16,3,8.05,NA,1616947554
Tacuarembó,-31.7333,-55.9833,70.92,58,12,9.73,UY,1616947556
Kutum,14.2,24.6667,76.17,12,4,17.65,SD,1616947557
Faya,18.3851,42.4509,71.6,59,0,9.22,SA,1616947559
Lompoc,34.6391,-120.4579,62.01,71,0,5.75,US,1616947561
Clarksdale,34.2001,-90.5709,59.0,47,75,18.41,US,1616947563
Wagar,16.1525,36.2032,90.41,29,0,17.83,SD,1616947565
Kruisfontein,-34.0033,24.7314,64.99,69,100,5.01,ZA,1616947567
Mīzan Teferī,6.9833,35.5833,68.95,58,92,0.36,ET,1616947568
Lokosovo,61.1333,74.8167,1.11,98,34,5.01,RU,1616947570
Kropotkin,45.4375,40.5756,46.0,70,95,10.07,RU,1616947342
Yumen,40.2833,97.2,49.05,42,50,10.16,CN,1616947574
Amapá,1.0,-52.0,78.78,91,76,4.25,BR,1616947281
Tual,-5.6667,132.75,83.37,76,100,19.28,ID,1616947577
Pushkinskiye Gory,57.0209,28.9103,38.75,96,100,2.55,RU,1616947579
Korop,51.5664,32.9586,47.34,69,56,7.11,UA,1616947581
Kenai,60.5544,-151.2583,12.2,67,1,3.44,US,1616947584
Altay,47.8667,88.1167,38.93,96,100,2.42,CN,1616947586
Pirovskoye,57.6267,92.2658,31.53,97,100,6.46,RU,1616947588
Paamiut,61.994,-49.6678,16.18,63,0,23.67,GL,1616947590
Kalmunai,7.4167,81.8167,79.3,77,94,6.55,LK,1616947592
Excelsior Springs,39.3392,-94.2261,51.01,53,1,11.5,US,1616947593
El Ángel,0.6167,-77.9333,54.7,66,85,4.41,EC,1616947595
Kouango,4.9934,19.9619,93.09,33,50,4.29,CF,1616947597
Jiuquan,39.7432,98.5174,48.56,41,9,5.64,CN,1616947599
Iquique,-20.2208,-70.1431,69.8,60,0,8.05,CL,1616947367
Severo-Kuril'sk,50.6789,156.125,25.05,77,53,13.69,RU,1616947602
Nizwá,22.9333,57.5333,87.71,8,100,7.36,OM,1616947330
Morant Bay,17.8815,-76.4093,84.2,65,20,21.85,JM,1616947607
Maceió,-9.6658,-35.7353,77.0,88,75,11.5,BR,1616947609
Shemonaīkha,50.6328,81.9056,35.1,99,100,4.12,KZ,1616947612
Baykit,61.67,96.37,15.89,99,92,1.21,RU,1616947614
Mujiayingzi,42.1167,118.7833,39.2,24,0,18.97,CN,1616947616
Yar-Sale,66.8333,70.8333,-8.61,98,11,9.51,RU,1616947618
Nuuk,64.1835,-51.7216,8.6,72,20,17.27,GL,1616947620
Los Algarrobos,8.5,-82.4333,91.4,35,20,4.61,PA,1616947622
Villa Alemana,-33.0422,-71.3733,66.2,77,40,11.5,CL,1616947623
Casambalangan,18.3765,122.1274,77.22,88,17,3.36,PH,1616947625
Haapiti,-17.5667,-149.8667,77.0,78,20,4.61,PF,1616947627
Sistranda,63.7256,8.834,48.2,43,0,12.66,NO,1616947629
Skjervøy,70.0311,20.9714,39.2,52,40,4.61,NO,1616947631
Xining,36.6167,101.7667,44.56,48,35,3.15,CN,1616947516
Ambilobe,-13.2,49.05,77.45,89,72,1.57,MG,1616947634
Vanimo,-2.6741,141.3028,76.32,90,93,3.91,PG,1616947636
Walvis Bay,-22.9575,14.5053,69.8,60,30,10.36,NA,1616947392
Senftenberg,51.5167,14.0167,53.01,58,100,4.0,DE,1616947639
Gualeguay,-33.1416,-59.3097,62.69,86,100,8.43,AR,1616947641
San Rafael,-34.6177,-68.3301,72.27,29,0,10.07,AR,1616947635
Kiunga,-6.1219,141.2906,72.54,99,100,1.72,PG,1616947645
Quincy,42.2529,-71.0023,51.01,76,90,14.97,US,1616947647
Teseney,15.11,36.6575,92.52,25,1,13.78,ER,1616947648
Ugoofaaru,5.6667,73.0,84.6,67,99,11.52,MV,1616947650
Seymchan,62.8833,152.4333,-16.67,99,74,1.03,RU,1616947654
Viedma,-40.8135,-62.9967,76.28,15,11,10.85,AR,1616947655
Carutapera,-1.195,-46.02,81.5,81,91,7.4,BR,1616947657
Gravdal,68.1214,13.5031,41.0,52,0,9.22,NO,1616947659
Koslan,63.4564,48.8989,32.16,86,100,10.2,RU,1616947661
Luganville,-15.5333,167.1667,79.52,85,36,8.3,VU,1616947663
Aksarayskiy,46.7924,48.0119,48.2,43,0,13.42,RU,1616947664
Toora-Khem,52.4675,96.11,23.52,93,90,0.98,RU,1616947666
Soe,-9.8607,124.284,66.15,90,100,3.2,ID,1616947668
Ahipara,-35.1667,173.1667,65.66,94,99,7.61,NZ,1616947670
El Dorado,38.7666,-120.5177,59.0,36,1,4.61,US,1616947672
Lethem,3.3803,-59.7968,86.0,62,75,13.8,GY,1616947673
Tilichiki,60.4667,166.1,-4.74,89,93,8.68,RU,1616947507
Marabba,12.35,32.1833,91.18,11,0,15.48,SD,1616947677
Shenjiamen,29.9576,122.298,55.71,89,0,7.65,CN,1616947679
Sabla,12.7525,4.7077,97.5,6,0,11.14,NG,1616947681
Mandalgovi,45.7625,106.2708,31.84,28,64,7.23,MN,1616947683
Clyde River,70.4692,-68.5914,-7.6,84,1,3.44,CA,1616947684
Phan Thiet,10.9333,108.1,76.17,91,33,6.22,VN,1616947686
Atchison,39.563,-95.1216,46.0,72,0,9.17,US,1616947688
Columbus,39.9612,-82.9988,51.8,76,90,28.77,US,1616947690
Oistins,13.0667,-59.5333,84.2,58,40,28.77,BB,1616947581
Cortez,37.3489,-108.5859,46.0,48,1,1.23,US,1616947693
Snåase,64.2457,12.3778,39.99,80,77,7.27,NO,1616947695
Tessalit,20.1986,1.0114,88.48,5,0,12.91,ML,1616947533
Vila Velha,-20.3297,-40.2925,89.6,58,20,10.36,BR,1616947698
Samarai,-10.6167,150.6667,81.91,79,49,12.24,PG,1616947700
Ayacucho,-13.1583,-74.2239,68.0,42,75,3.44,PE,1616947702
Fort Nelson,58.8053,-122.7002,14.0,85,90,11.5,CA,1616947603
Sohag,26.557,31.6948,75.2,19,0,20.71,EG,1616947705
Kontagora,10.3999,5.4695,101.21,9,5,5.64,NG,1616947707
Asău,46.4333,26.4,42.01,49,81,4.32,RO,1616947709
Port Hedland,-20.3167,118.5667,82.4,57,66,6.91,AU,1616947711
Chalon-sur-Saône,46.7833,4.85,62.01,37,42,1.01,FR,1616947476
Pavlivka,49.4414,28.4596,44.6,87,75,11.18,UA,1616947716
Souillac,-20.5167,57.5167,80.6,83,40,1.79,MU,1616947718
Luwuk,-0.9516,122.7875,78.17,86,100,2.73,ID,1616947637
Sakon Nakhon,17.1612,104.1472,90.0,50,54,2.06,TH,1616947721
Bibiani,6.4635,-2.3194,92.7,39,38,5.53,GH,1616947723
San Patricio,28.017,-97.5169,66.0,72,90,23.02,US,1616947725
Blackwater,-23.5833,148.8833,71.35,70,32,8.21,AU,1616947727
Tambacounda,13.7539,-13.7586,107.6,31,0,4.61,SN,1616947728
Pitimbu,-7.4706,-34.8086,86.0,74,75,6.91,BR,1616947732
Camaná,-16.6228,-72.7111,73.85,72,99,7.65,PE,1616947735
Xixiang,35.1628,112.865,61.7,32,43,10.67,CN,1616947737
Wewak,-3.5534,143.6268,78.21,87,97,2.93,PG,1616947739
Havelock,34.8791,-76.9013,73.0,91,100,14.0,US,1616947741
Hualmay,-11.0964,-77.6139,75.15,71,73,9.4,PE,1616947743
Kurayoshi,35.4333,133.8167,53.6,94,18,11.5,JP,1616947744
Ust-Nera,64.5667,143.2,-3.77,99,96,3.78,RU,1616947746
Ulaangom,49.9811,92.0667,16.07,80,100,5.37,MN,1616947748
Vallenar,-28.5708,-70.7581,75.96,40,0,5.46,CL,1616947493
Torres,-29.3353,-49.7269,76.44,80,65,1.77,BR,1616947462
Haysville,37.5645,-97.3523,52.0,40,1,1.99,US,1616947753
Santa Isabel,-23.3156,-46.2214,87.8,40,75,5.75,BR,1616947755
Kandi,11.1342,2.9386,99.86,8,0,8.14,BJ,1616947757
Ipixuna,-1.7625,-48.8043,84.2,74,75,6.91,BR,1616947759
Marzuq,14.4,46.4667,73.36,33,1,10.71,YE,1616947581
Tāybād,34.74,60.7756,44.64,77,100,24.56,IR,1616947764
Acapulco de Juárez,16.8634,-99.8901,84.2,34,1,2.3,MX,1616947765
Thinadhoo,0.5333,72.9333,79.57,84,100,11.16,MV,1616947523
Cubará,7.0008,-72.1085,74.93,86,100,1.61,CO,1616947769
Kargil,34.5667,76.1,36.45,76,99,8.28,IN,1616947771
Camacupa,-12.0167,17.4833,69.1,87,100,2.13,AO,1616947772
São Miguel do Araguaia,-13.275,-50.1628,87.33,55,100,3.96,BR,1616947774
Biak,-0.9131,122.8766,76.73,83,100,2.66,ID,1616947776
Naugachhia,25.4,87.1,83.05,12,0,4.81,IN,1616947778
Sabha,27.0377,14.4283,72.86,12,76,13.09,LY,1616947780
Sancti Spíritus,21.9297,-79.4425,87.89,38,75,11.05,CU,1616947782
Shahrud,36.4182,54.9763,36.37,50,1,12.03,IR,1616947783
Shreveport,32.5251,-93.7502,64.99,42,1,14.97,US,1616947695
Hovorany,48.9549,16.9935,54.0,35,0,9.22,CZ,1616947787
Idappadi,11.5833,77.85,88.72,39,93,11.39,IN,1616947789
Talacogon,8.4167,125.8,72.59,98,94,1.05,PH,1616947790
Tagusao,9.1924,117.8141,80.29,80,79,6.49,PH,1616947794
São Félix do Xingu,-6.6447,-51.995,87.15,60,99,2.24,BR,1616947796
Gloversville,43.0528,-74.3438,46.99,100,90,14.97,US,1616947797
Kalmar,56.6616,16.3616,44.6,76,20,13.8,SE,1616947799
Biltine,14.5333,20.9167,88.23,12,70,17.69,TD,1616947801
Simití,7.9579,-73.9436,91.42,49,91,3.76,CO,1616947803
Belyy Yar,53.6039,91.3903,33.8,86,100,2.24,RU,1616947805
Najrān,17.4924,44.1277,87.8,13,0,11.5,SA,1616947806
Mackay,-21.15,149.2,73.4,78,40,3.44,AU,1616947808
Neiafu,-18.65,-173.9833,80.6,83,40,6.91,TO,1616947810
Sinnamary,5.3833,-52.95,81.39,78,97,15.61,GF,1616947812
Prado,-17.3411,-39.2208,84.45,60,0,11.97,BR,1616947814
Aksu,41.1231,80.2644,60.42,30,100,0.89,CN,1616947816
Crateús,-5.1783,-40.6775,83.98,63,95,6.08,BR,1616947817
Betanzos,43.2804,-8.2147,73.0,40,0,6.91,ES,1616947819
Dingcheng,32.1272,115.0394,60.53,68,0,5.97,CN,1616947821
Cairns,-16.9167,145.7667,78.8,73,40,10.36,AU,1616947823
